id,keyword,title,date
1,プログラミング,"Progate | プログラミングの入門なら基礎から学べるProgate[プロゲート]",2020/03/22 21:46:50
2,プログラミング,"プログラミング初心者が勉強を始める前に知っておくべきこと",2020/03/22 21:46:50
3,プログラミング,"プログラミングの独学は成功できる！【学習すべき言語も紹介 ...",2020/03/22 21:46:50
4,プログラミング,"プログラミングとは料理と同じ！？初心者でもあっという間に理解できる ...",2020/03/22 21:46:50
5,プログラミング,"プログラミングとは？知っておきたいIT用語をやさしく解説 | コエテコ",2020/03/22 21:46:50
6,プログラミング,"プログラミング - Wikipedia",2020/03/22 21:46:50
7,プログラミング,"プログラミングとは？学習入門者向け「5分でわかる基礎知識」 | 侍 ...",2020/03/22 21:46:50
8,プログラミング,"頼むからプログラミングを学ばないでくれ | TechCrunch Japan",2020/03/22 21:46:50
9,プログラミング,"プログラミングとは何か？初心者にもわかりやすく説明しました！ | 「ポテ ...",2020/03/22 21:46:50
10,プログラミング,"【初心者向け】プログラミング学習の始め方【3ヶ月で達成できる】 - YouTube",2020/03/22 21:46:50
11,プログラミング,"プログラミングにはやってはいけない勉強法がある！？爆速で成長する ...",2020/03/22 21:46:50
12,プログラミング,"プログラミングは誰でもできる！？ホリエモンがプログラミングの基本を ...",2020/03/22 21:46:50
13,プログラミング,"プログラミングをこの時代に一から学ぶなら【PR】 - YouTube",2020/03/22 21:46:50
14,プログラミング,"【初心者向け】プログラミング言語の選び方 - 様々な種類の言語を一覧で ...",2020/03/22 21:46:50
15,プログラミング,"プログラミングを独学で習得する！未経験者でもわかりやすい勉強方法を ...",2020/03/22 21:46:50
16,プログラミング,"プログラミングの学習ならオンライン動画授業・講座のSchoo（スクー）",2020/03/22 21:46:50
17,プログラミング,"厚切りジェイソンに「社会人がプログラミングを学ぶ意義」を聞いてみた ...",2020/03/22 21:46:50
18,プログラミング,"プログラミングスクール | CodeCamp コース一覧",2020/03/22 21:46:50
19,プログラミング,"プログラミング言語の習得に必要なもの - Qiita",2020/03/22 21:46:50
20,プログラミング,"「プログラミング」関連の最新 ニュース・レビュー・解説 記事 まとめ ...",2020/03/22 21:46:50
